region_id,area_id,name,lat,lng,stay_min,stay_rec,stay_max,stay_type,base_region_id,group_id,description
1,1,도쿄,35.6812,139.7671,1.5,2.5,3,BASE,,,쇼핑·미식·디즈니까지 다 되는 일본 최대 도시
2,1,요코하마,35.4437,139.6380,0.5,1,1,DAYTRIP,1,,항구 야경과 차이나타운 도쿄보다 여유로운 분위기
3,1,가마쿠라&에노시마,35.3192,139.5467,0.5,1,1,DAYTRIP,1,,사찰과 바다 에노덴 열차 따라 감성 산책
4,1,하코네,35.2324,139.1069,1,1.5,2,OVERNIGHT,,,료칸 온천과 후지산 뷰 쉬어가기 최적
5,1,닛코,36.7199,139.6982,1,1,1,DAYTRIP,1,,세계유산 신사와 단풍·폭포 명소
6,1,가루이자와,36.3428,138.6350,0.5,1,1,DAYTRIP,1,,숲속 휴양지와 대형 아울렛
7,2,오사카,34.6937,135.5023,1,2,2,BASE,,,먹거리 천국 USJ
8,2,교토,35.0116,135.7681,1,1.5,2,BASE_OPTIONAL,,,천년 고도의 사찰·골목 많이 걷는 여행
9,2,나라,34.6851,135.8048,0.5,0.5,1,DAYTRIP,7,,사슴공원과 대불 반나절 여유 산책
10,2,고베,34.6901,135.1955,0.5,0.5,1,DAYTRIP,7,,고베규와 항구 야경 근교 아리마 온천
11,2,히로시마,34.3853,132.4553,0.5,1,1,OVERNIGHT,,1,평화기념공원과 오코노미야키
12,2,미야지마,34.2960,132.3198,0.5,0.5,1,BUNDLE,11,1,바다 위 토리이 사슴과 섬 산책
13,3,다카마쓰,34.3428,134.0466,1,2.5,3,BASE,,,사누키 우동과 예술의 섬 나오시마
14,3,마쓰야마,33.8392,132.7657,1,2.5,3,BASE,,,도고온천 붐비지 않는 소도시
15,4,후쿠오카,33.5902,130.4017,1,1.5,2,BASE,,,라멘·야타이 미식 공항 가까운 도심
16,4,유후인,33.2650,131.3560,0.5,1,1,OVERNIGHT,,2,료칸 온천과 아기자기한 감성 거리
17,4,벳푸,33.2846,131.4914,0.5,0.5,1,BUNDLE,16,2,지옥순회 일본 최대급 온천 마을
18,4,나가사키,32.7503,129.8779,1,1,1,DAYTRIP,15,,이국적 항구 야경과 하우스텐보스
19,4,구마모토,32.8031,130.7079,1,1,1,DAYTRIP,15,,구마모토성과 아소산 화산 풍경
20,4,가고시마,31.5966,130.5571,1,1,1,OVERNIGHT,,,활화산 사쿠라지마와 모래찜질 온천
21,5,삿포로,43.0618,141.3545,1,1,2,BASE,,3,징기스칸·스프카레·맥주 겨울 눈축제
22,5,오타루,43.1907,140.9947,0.5,1,1,DAYTRIP,21,3,운하 야경과 초밥·유리공예 거리
23,5,비에이&후라노,43.4650,142.4250,1,1,1,DAYTRIP,21,,여름 라벤더밭과 청의 호수
24,5,하코다테,41.7687,140.7288,1,1.5,2,OVERNIGHT,,,100만불 야경과 아침시장 해산물
25,6,나하,26.2124,127.6809,0.5,1,1,BASE,,,국제거리 쇼핑 여행 시작·끝 거점
26,6,오키나와 중부,26.3157,127.7576,0.5,1,1,DAYTRIP,25,,해변 리조트와 아메리칸 빌리지
27,6,오키나와 북부,26.6943,127.8779,1,1,1,DRIVE,25,,츄라우미 수족관과 에메랄드빛 바다 드라이브
