region_id,style_id,score
1,1,2
1,2,5
1,3,5
1,4,5
1,5,1
1,6,1
1,7,1
1,8,5
2,1,2
2,2,4
2,3,4
2,4,3
2,5,3
2,6,2
2,7,1
2,8,2
3,1,3
3,2,2
3,3,3
3,4,4
3,5,4
3,6,4
3,7,1
3,8,1
4,1,5
4,2,1
4,3,3
4,4,3
4,5,5
4,6,4
4,7,5
4,8,1
5,1,2
5,2,1
5,3,2
5,4,4
5,5,3
5,6,5
5,7,3
5,8,1
6,1,4
6,2,4
6,3,3
6,4,2
6,5,5
6,6,4
6,7,2
6,8,1
7,1,1
7,2,5
7,3,5
7,4,4
7,5,1
7,6,1
7,7,1
7,8,5
8,1,2
8,2,3
8,3,4
8,4,5
8,5,2
8,6,3
8,7,1
8,8,1
9,1,2
9,2,1
9,3,2
9,4,4
9,5,4
9,6,3
9,7,1
9,8,1
10,1,2
10,2,4
10,3,4
10,4,3
10,5,3
10,6,2
10,7,3
10,8,1
11,1,1
11,2,2
11,3,3
11,4,4
11,5,3
11,6,2
11,7,1
11,8,1
12,1,3
12,2,1
12,3,3
12,4,4
12,5,4
12,6,4
12,7,1
12,8,1
13,1,3
13,2,2
13,3,4
13,4,3
13,5,5
13,6,4
13,7,1
13,8,1
14,1,4
14,2,2
14,3,3
14,4,3
14,5,5
14,6,3
14,7,5
14,8,1
15,1,2
15,2,5
15,3,5
15,4,3
15,5,2
15,6,2
15,7,2
15,8,1
16,1,5
16,2,3
16,3,3
16,4,2
16,5,5
16,6,4
16,7,5
16,8,1
17,1,4
17,2,1
17,3,3
17,4,3
17,5,3
17,6,3
17,7,5
17,8,1
18,1,2
18,2,2
18,3,4
18,4,4
18,5,3
18,6,2
18,7,1
18,8,3
19,1,2
19,2,2
19,3,3
19,4,3
19,5,3
19,6,5
19,7,3
19,8,1
20,1,3
20,2,2
20,3,4
20,4,3
20,5,4
20,6,5
20,7,4
20,8,1
21,1,2
21,2,4
21,3,5
21,4,3
21,5,2
21,6,2
21,7,2
21,8,1
22,1,2
22,2,3
22,3,4
22,4,3
22,5,4
22,6,2
22,7,1
22,8,1
23,1,3
23,2,1
23,3,2
23,4,2
23,5,5
23,6,5
23,7,1
23,8,1
24,1,2
24,2,2
24,3,4
24,4,4
24,5,3
24,6,3
24,7,3
24,8,1
25,1,2
25,2,4
25,3,3
25,4,3
25,5,2
25,6,1
25,7,1
25,8,1
26,1,5
26,2,3
26,3,3
26,4,2
26,5,4
26,6,3
26,7,1
26,8,2
27,1,4
27,2,1
27,3,2
27,4,3
27,5,4
27,6,5
27,7,1
27,8,3
