area_id,month,judgment,reason
1,1,NOT_RECOMMEND,지하철·JR이 촘촘하고 주차비가 비싸 대중교통이 유리
1,2,NOT_RECOMMEND,지하철·JR이 촘촘하고 주차비가 비싸 대중교통이 유리
1,3,NOT_RECOMMEND,지하철·JR이 촘촘하고 주차비가 비싸 대중교통이 유리
1,4,NOT_RECOMMEND,지하철·JR이 촘촘하고 주차비가 비싸 대중교통이 유리
1,5,NOT_RECOMMEND,지하철·JR이 촘촘하고 주차비가 비싸 대중교통이 유리
1,6,NOT_RECOMMEND,지하철·JR이 촘촘하고 주차비가 비싸 대중교통이 유리
1,7,NOT_RECOMMEND,지하철·JR이 촘촘하고 주차비가 비싸 대중교통이 유리
1,8,NOT_RECOMMEND,지하철·JR이 촘촘하고 주차비가 비싸 대중교통이 유리
1,9,NOT_RECOMMEND,지하철·JR이 촘촘하고 주차비가 비싸 대중교통이 유리
1,10,NOT_RECOMMEND,지하철·JR이 촘촘하고 주차비가 비싸 대중교통이 유리
1,11,NOT_RECOMMEND,지하철·JR이 촘촘하고 주차비가 비싸 대중교통이 유리
1,12,NOT_RECOMMEND,지하철·JR이 촘촘하고 주차비가 비싸 대중교통이 유리
2,1,NOT_RECOMMEND,오사카·교토·나라·고베 철도로 1시간 내 연결
2,2,NOT_RECOMMEND,오사카·교토·나라·고베 철도로 1시간 내 연결
2,3,NOT_RECOMMEND,오사카·교토·나라·고베 철도로 1시간 내 연결
2,4,NOT_RECOMMEND,오사카·교토·나라·고베 철도로 1시간 내 연결
2,5,NOT_RECOMMEND,오사카·교토·나라·고베 철도로 1시간 내 연결
2,6,NOT_RECOMMEND,오사카·교토·나라·고베 철도로 1시간 내 연결
2,7,NOT_RECOMMEND,오사카·교토·나라·고베 철도로 1시간 내 연결
2,8,NOT_RECOMMEND,오사카·교토·나라·고베 철도로 1시간 내 연결
2,9,NOT_RECOMMEND,오사카·교토·나라·고베 철도로 1시간 내 연결
2,10,NOT_RECOMMEND,오사카·교토·나라·고베 철도로 1시간 내 연결
2,11,NOT_RECOMMEND,오사카·교토·나라·고베 철도로 1시간 내 연결
2,12,NOT_RECOMMEND,오사카·교토·나라·고베 철도로 1시간 내 연결
3,1,OPTIONAL,열차 배차 간격이 길어 외곽·섬 위주면 렌트가 편리
3,2,OPTIONAL,열차 배차 간격이 길어 외곽·섬 위주면 렌트가 편리
3,3,OPTIONAL,열차 배차 간격이 길어 외곽·섬 위주면 렌트가 편리
3,4,OPTIONAL,열차 배차 간격이 길어 외곽·섬 위주면 렌트가 편리
3,5,OPTIONAL,열차 배차 간격이 길어 외곽·섬 위주면 렌트가 편리
3,6,OPTIONAL,열차 배차 간격이 길어 외곽·섬 위주면 렌트가 편리
3,7,OPTIONAL,열차 배차 간격이 길어 외곽·섬 위주면 렌트가 편리
3,8,OPTIONAL,열차 배차 간격이 길어 외곽·섬 위주면 렌트가 편리
3,9,OPTIONAL,열차 배차 간격이 길어 외곽·섬 위주면 렌트가 편리
3,10,OPTIONAL,열차 배차 간격이 길어 외곽·섬 위주면 렌트가 편리
3,11,OPTIONAL,열차 배차 간격이 길어 외곽·섬 위주면 렌트가 편리
3,12,OPTIONAL,열차 배차 간격이 길어 외곽·섬 위주면 렌트가 편리
4,1,OPTIONAL,후쿠오카 시내는 대중교통 유후인·아소 등 외곽은 렌트 유리
4,2,OPTIONAL,후쿠오카 시내는 대중교통 유후인·아소 등 외곽은 렌트 유리
4,3,OPTIONAL,후쿠오카 시내는 대중교통 유후인·아소 등 외곽은 렌트 유리
4,4,OPTIONAL,후쿠오카 시내는 대중교통 유후인·아소 등 외곽은 렌트 유리
4,5,OPTIONAL,후쿠오카 시내는 대중교통 유후인·아소 등 외곽은 렌트 유리
4,6,OPTIONAL,후쿠오카 시내는 대중교통 유후인·아소 등 외곽은 렌트 유리
4,7,OPTIONAL,후쿠오카 시내는 대중교통 유후인·아소 등 외곽은 렌트 유리
4,8,OPTIONAL,후쿠오카 시내는 대중교통 유후인·아소 등 외곽은 렌트 유리
4,9,OPTIONAL,후쿠오카 시내는 대중교통 유후인·아소 등 외곽은 렌트 유리
4,10,OPTIONAL,후쿠오카 시내는 대중교통 유후인·아소 등 외곽은 렌트 유리
4,11,OPTIONAL,후쿠오카 시내는 대중교통 유후인·아소 등 외곽은 렌트 유리
4,12,OPTIONAL,후쿠오카 시내는 대중교통 유후인·아소 등 외곽은 렌트 유리
5,1,NOT_RECOMMEND,눈길·빙판 운전 위험 열차·버스투어 권장
5,2,NOT_RECOMMEND,눈길·빙판 운전 위험 열차·버스투어 권장
5,3,NOT_RECOMMEND,눈길·빙판 운전 위험 열차·버스투어 권장
5,4,OPTIONAL,이른 눈·잔설 가능 날씨 확인 후 결정
5,5,RECOMMEND,지역 간 거리가 멀고 비에이·후라노는 렌트가 사실상 필수
5,6,RECOMMEND,지역 간 거리가 멀고 비에이·후라노는 렌트가 사실상 필수
5,7,RECOMMEND,지역 간 거리가 멀고 비에이·후라노는 렌트가 사실상 필수
5,8,RECOMMEND,지역 간 거리가 멀고 비에이·후라노는 렌트가 사실상 필수
5,9,RECOMMEND,지역 간 거리가 멀고 비에이·후라노는 렌트가 사실상 필수
5,10,RECOMMEND,지역 간 거리가 멀고 비에이·후라노는 렌트가 사실상 필수
5,11,OPTIONAL,이른 눈·잔설 가능 날씨 확인 후 결정
5,12,NOT_RECOMMEND,눈길·빙판 운전 위험 열차·버스투어 권장
6,1,RECOMMEND,철도가 나하 모노레일뿐 북부·중부 이동은 렌트 필수급
6,2,RECOMMEND,철도가 나하 모노레일뿐 북부·중부 이동은 렌트 필수급
6,3,RECOMMEND,철도가 나하 모노레일뿐 북부·중부 이동은 렌트 필수급
6,4,RECOMMEND,철도가 나하 모노레일뿐 북부·중부 이동은 렌트 필수급
6,5,RECOMMEND,철도가 나하 모노레일뿐 북부·중부 이동은 렌트 필수급
6,6,RECOMMEND,철도가 나하 모노레일뿐 북부·중부 이동은 렌트 필수급
6,7,RECOMMEND,철도가 나하 모노레일뿐 북부·중부 이동은 렌트 필수급
6,8,OPTIONAL,태풍 시즌 결항·운행 중단 대비 필요
6,9,OPTIONAL,태풍 시즌 결항·운행 중단 대비 필요
6,10,RECOMMEND,철도가 나하 모노레일뿐 북부·중부 이동은 렌트 필수급
6,11,RECOMMEND,철도가 나하 모노레일뿐 북부·중부 이동은 렌트 필수급
6,12,RECOMMEND,철도가 나하 모노레일뿐 북부·중부 이동은 렌트 필수급
